indication_id,length_mm,width_mm,depth_mm,x_mm,y_mm,z_mm
1,27.52,25.22,4.671,230.483,727.185,12.295
2,26.14,22.72,4.291,230.483,599.288,190.171
3,20.46,17.54,3.963,230.483,548.516,-202.241
4,15.7,15.54,2.928,316.697,565.874,30.799
5,20.7,19.72,1.6,230.483,680.667,-20.573
6,16.33,14.26,2.4,230.483,579.462,155.656
7,21.72,17.88,3.703,230.483,639.971,231.442
8,24.37,21.54,3.341,230.483,496.97,156.398
9,13.94,12.7,3.188,230.483,504.925,237.214
10,20.3,17.43,4.18,230.483,733.728,84.212
11,27.26,25.98,4.256,230.483,634.459,178.597
12,16.91,16.35,2.3,316.697,473.292,57.593
13,30.3,29.01,4.22,230.483,288.577,-99.251
14,24.0,23.88,3.54,206.955,482.247,140.151
15,14.52,11.78,2.368,98.136,580.646,111.884
16,16.84,13.94,2.171,206.955,461.01,-156.05
17,14.16,14.3,3.05,142.458,476.824,-59.556
18,17.3,17.68,2.885,98.136,548.569,-122.191
19,20.37,20.19,3.653,206.955,448.209,244.051
20,28.55,27.49,4.396,142.458,518.032,-58.283
21,30.49,27.07,4.759,231.474,287.255,129.123
22,23.35,23.62,3.917,315.303,567.111,-121.172
23,20.43,19.17,3.69,313.282,430.105,-114.741
24,23.86,19.22,3.785,234.478,306.742,53.25
25,22.77,20.36,4.115,270.206,707.359,147.217
26,21.68,17.74,3.732,305.157,640.077,-1.857
27,16.77,15.95,2.881,375.281,388.261,-96.378
28,24.1,20.04,3.916,294.775,395.217,200.343
29,16.73,13.88,2.347,325.156,621.522,-175.658
30,14.56,13.64,2.573,160.578,498.251,-74.963
